<?xml version="1.0" encoding="UTF-8"?>
<project-private xmlns="http://www.netbeans.org/ns/project-private/1">
    <editor-bookmarks xmlns="http://www.netbeans.org/ns/editor-bookmarks/2" lastBookmarkId="0"/>
    <open-files xmlns="http://www.netbeans.org/ns/projectui-open-files/2">
        <group>
            <file>file:/C:/Users/Karray/Documents/NetBeansProjects/CorrectionDS/src/Entraineur.java</file>
            <file>file:/C:/Users/Karray/Documents/NetBeansProjects/CorrectionDS/src/Joueur.java</file>
            <file>file:/C:/Users/Karray/Documents/NetBeansProjects/CorrectionDS/src/Club.java</file>
            <file>file:/C:/Users/Karray/Documents/NetBeansProjects/CorrectionDS/src/MainClass.java</file>
            <file>file:/C:/Users/Karray/Documents/NetBeansProjects/CorrectionDS/src/Membre.java</file>
        </group>
    </open-files>
</project-private>
