<?xml version="1.0" encoding="UTF-8"?>
<project-private xmlns="http://www.netbeans.org/ns/project-private/1">
    <editor-bookmarks xmlns="http://www.netbeans.org/ns/editor-bookmarks/1"/>
    <editor-bookmarks xmlns="http://www.netbeans.org/ns/editor-bookmarks/2" lastBookmarkId="2"/>
    <open-files xmlns="http://www.netbeans.org/ns/projectui-open-files/2">
        <group>
            <file>file:/C:/Users/Mehdi/Documents/NetBeansProjects/ExceptionsApp/src/AddTable.java</file>
            <file>file:/C:/Users/Mehdi/Documents/NetBeansProjects/ExceptionsApp/src/AppelMethod.java</file>
        </group>
        <group name="J2ME Projects"/>
        <group name="Java Projects">
            <file>file:/H:/ESPRIT/Cours%20ESPRIT/JAVA/Java%202015/Java%202015-2016/S06/ExceptionsApp/src/DivisionExecption.java</file>
            <file>file:/H:/ESPRIT/Cours%20ESPRIT/JAVA/Java%202015/Java%202015-2016/S06/ExceptionsApp/src/AddTable.java</file>
            <file>file:/H:/ESPRIT/Cours%20ESPRIT/JAVA/Java%202015/Java%202015-2016/S06/ExceptionsApp/src/TestExceptions.java</file>
            <file>file:/H:/ESPRIT/Cours%20ESPRIT/JAVA/Java%202015/Java%202015-2016/S06/ExceptionsApp/src/TestExceptions1.java</file>
            <file>file:/H:/ESPRIT/Cours%20ESPRIT/JAVA/Java%202015/Java%202015-2016/S06/ExceptionsApp/src/TestFinally.java</file>
        </group>
    </open-files>
</project-private>
